14cf38da8	UCHPackManager
14cf397e0	UFFmpegManager
14cf3a890	UFileImportManager
14cf3b298	UHandyManager
14cf3e480	UMediaPlaybackController
14cf400b8	UPreciseBeatWidget
14cf48018	UProgressionManager
14cf4bbe8	UBeatSpawnerManager
14cf4d4f0	UCHPackStoreController
14cf4ee40	&UAdultToyManager::OnBeatFired
14cf4ee80	&UAdultToyManager::OnBeatHitCenter
14cf4eed0	&UAdultToyManager::OnSequenceEnd
14cf4ef20	&UAdultToyManager::OnSequencePaused
14cf4f5e8	UAdultToyManager
14cf51fd0	&UAdultToyManager::OnLovenseToysUpdated
14cf52020	&UAdultToyManager::OnLovenseStarted
14cf52070	&UAdultToyManager::OnLovenseStopped
14cf6d138	UMediaPlaybackController
14cf779b8	C:\CockHero\Source\CockHero\Private\UBeatSpawnerManager.cpp
14cf7bdf0	UBeatSpawnerManager
14cf7c010	&UBeatSpawnerManager::OnBeatReachedCenter
14cf7c130	C:\CockHero\Source\CockHero\Private\UCHPackStoreController.cpp
