program	CockHero.exe
executable_path	/C:/Users/webma/Downloads/Cock_Hero_Shipping_Build_V0.04_-_Exclusive/PrepV2/Windows/CockHero/Binaries/Win64/CockHero.exe
image_base	140000000
functions	573011
instructions	43658219
block	Headers	140000000	1536
block	.text	140001000	195957760
block	.uedbg	14bae3000	1863680
block	.rodata	14bcaa000	2048
block	.rdata	14bcab000	46594048
block	.data	14e91b000	5747900
block	.pdata	14ee97000	10308096
block	.msvcjmc	14f86c000	512
block	_RDATA	14f86d000	398848
block	.rsrc	14f8cf000	20480
block	.reloc	14f8d4000	2583552
block	tdb	ff00000000	6224
target_matching_symbols	3168
target_eligible_functions	373
metadata	Analysis Times.Times	8609.657 seconds
metadata	Analyzed	false
metadata	PDB Age	1
metadata	PDB File	CockHero.pdb
metadata	PDB GUID	8c575094-e51f-4578-a7bf-ea3ab8ba838a
metadata	PDB Version	RSDS
metadata	Should Ask To Analyze	true
