0x14813a570	?StaticClass@UAdultToyManager@@SAPEAVUClass@@XZ
0x14813de00	?GetPrivateStaticClass@UAdultToyManager@@CAPEAVUClass@@XZ
0x14813f0d0	?StaticRegisterNativesUAdultToyManager@UAdultToyManager@@CAXXZ
0x14813f380	?execCheckRealDeviceConnection@UAdultToyManager@@SAXPEAVUObject@@AEAUFFrame@@QEAX@Z
0x14813f3a0	?execConnectToButtplug@UAdultToyManager@@SAXPEAVUObject@@AEAUFFrame@@QEAX@Z
0x14813f3c0	?execConnectToHandy@UAdultToyManager@@SAXPEAVUObject@@AEAUFFrame@@QEAX@Z
0x14813f470	?execConnectToLovense@UAdultToyManager@@SAXPEAVUObject@@AEAUFFrame@@QEAX@Z
0x14813f490	?execConnectToLovenseViaHTTP@UAdultToyManager@@SAXPEAVUObject@@AEAUFFrame@@QEAX@Z
0x14813f580	?execConnectToLovenseViaMobile@UAdultToyManager@@SAXPEAVUObject@@AEAUFFrame@@QEAX@Z
0x14813f670	?execDebugLogAllDevices@UAdultToyManager@@SAXPEAVUObject@@AEAUFFrame@@QEAX@Z
0x14813f690	?execDebugLogButtplugStatus@UAdultToyManager@@SAXPEAVUObject@@AEAUFFrame@@QEAX@Z
0x14813f6b0	?execDebugLogHandyStatus@UAdultToyManager@@SAXPEAVUObject@@AEAUFFrame@@QEAX@Z
0x14813f6d0	?execDebugLogLovenseHTTPStats@UAdultToyManager@@SAXPEAVUObject@@AEAUFFrame@@QEAX@Z
0x14813f6f0	?execDebugLogLovenseStatus@UAdultToyManager@@SAXPEAVUObject@@AEAUFFrame@@QEAX@Z
0x14813f710	?execDisconnectFromButtplug@UAdultToyManager@@SAXPEAVUObject@@AEAUFFrame@@QEAX@Z
0x14813f730	?execDisconnectFromHandy@UAdultToyManager@@SAXPEAVUObject@@AEAUFFrame@@QEAX@Z
0x14813f750	?execDisconnectFromLovense@UAdultToyManager@@SAXPEAVUObject@@AEAUFFrame@@QEAX@Z
0x14813f770	?execDisconnectFromLovenseViaMobile@UAdultToyManager@@SAXPEAVUObject@@AEAUFFrame@@QEAX@Z
0x14813f790	?execEmergencyStopAllDevices@UAdultToyManager@@SAXPEAVUObject@@AEAUFFrame@@QEAX@Z
0x14813f7b0	?execEnableBeatSynchronization@UAdultToyManager@@SAXPEAVUObject@@AEAUFFrame@@QEAX@Z
0x14813f840	?execGetButtplugDebugString@UAdultToyManager@@SAXPEAVUObject@@AEAUFFrame@@QEAX@Z
0x14813f8d0	?execGetConnectedButtplugDeviceCount@UAdultToyManager@@SAXPEAVUObject@@AEAUFFrame@@QEAX@Z
0x14813f900	?execGetConnectedButtplugDeviceNames@UAdultToyManager@@SAXPEAVUObject@@AEAUFFrame@@QEAX@Z
0x14813f990	?execGetConnectedLovenseDeviceCount@UAdultToyManager@@SAXPEAVUObject@@AEAUFFrame@@QEAX@Z
0x14813f9d0	?execGetConnectedLovenseDeviceNames@UAdultToyManager@@SAXPEAVUObject@@AEAUFFrame@@QEAX@Z
0x14813fa60	?execGetConnectionStatus@UAdultToyManager@@SAXPEAVUObject@@AEAUFFrame@@QEAX@Z
0x14813fa90	?execGetLovenseConnectionMethod@UAdultToyManager@@SAXPEAVUObject@@AEAUFFrame@@QEAX@Z
0x14813fac0	?execHasAnyConnectedButtplugDevices@UAdultToyManager@@SAXPEAVUObject@@AEAUFFrame@@QEAX@Z
0x14813faf0	?execHasConnectedButtplugStrokers@UAdultToyManager@@SAXPEAVUObject@@AEAUFFrame@@QEAX@Z
0x14813fb20	?execHasConnectedButtplugVibrators@UAdultToyManager@@SAXPEAVUObject@@AEAUFFrame@@QEAX@Z
0x14813fb50	?execHasConnectedLovenseDevices@UAdultToyManager@@SAXPEAVUObject@@AEAUFFrame@@QEAX@Z
0x14813fb90	?execInitializeWithGameInstance@UAdultToyManager@@SAXPEAVUObject@@AEAUFFrame@@QEAX@Z
0x14813fc20	?execIsButtplugConnected@UAdultToyManager@@SAXPEAVUObject@@AEAUFFrame@@QEAX@Z
0x14813fc50	?execIsHandyConnected@UAdultToyManager@@SAXPEAVUObject@@AEAUFFrame@@QEAX@Z
0x14813fc80	?execIsLovenseMobileConnected@UAdultToyManager@@SAXPEAVUObject@@AEAUFFrame@@QEAX@Z
0x14813fcc0	?execIsProperlyInitialized@UAdultToyManager@@SAXPEAVUObject@@AEAUFFrame@@QEAX@Z
0x14813fcf0	?execLogBeatSyncStats@UAdultToyManager@@SAXPEAVUObject@@AEAUFFrame@@QEAX@Z
0x14813fd10	?execOnBeatFired@UAdultToyManager@@SAXPEAVUObject@@AEAUFFrame@@QEAX@Z
0x14813fdc0	?execOnBeatHitCenter@UAdultToyManager@@SAXPEAVUObject@@AEAUFFrame@@QEAX@Z
0x14813fe70	?execOnLovenseStarted@UAdultToyManager@@SAXPEAVUObject@@AEAUFFrame@@QEAX@Z
0x14813fe90	?execOnLovenseStopped@UAdultToyManager@@SAXPEAVUObject@@AEAUFFrame@@QEAX@Z
0x14813feb0	?execOnLovenseToysUpdated@UAdultToyManager@@SAXPEAVUObject@@AEAUFFrame@@QEAX@Z
0x14813fed0	?execOnMobileEventsAPIResultCode@UAdultToyManager@@SAXPEAVUObject@@AEAUFFrame@@QEAX@Z
0x14813ff60	?execOnMobileEventsAPIToysReceived@UAdultToyManager@@SAXPEAVUObject@@AEAUFFrame@@QEAX@Z
0x148140010	?execOnMobileEventsToyBatteryChanged@UAdultToyManager@@SAXPEAVUObject@@AEAUFFrame@@QEAX@Z
0x148140100	?execOnMobileEventsToyConnectStatusChanged@UAdultToyManager@@SAXPEAVUObject@@AEAUFFrame@@QEAX@Z
0x148140200	?execOnSequenceEnd@UAdultToyManager@@SAXPEAVUObject@@AEAUFFrame@@QEAX@Z
0x148140220	?execOnSequencePaused@UAdultToyManager@@SAXPEAVUObject@@AEAUFFrame@@QEAX@Z
0x148140240	?execProcessBeatCommand@UAdultToyManager@@SAXPEAVUObject@@AEAUFFrame@@QEAX@Z
0x148140300	?execRefreshButtplugDevices@UAdultToyManager@@SAXPEAVUObject@@AEAUFFrame@@QEAX@Z
0x148140320	?execRefreshHandyStatus@UAdultToyManager@@SAXPEAVUObject@@AEAUFFrame@@QEAX@Z
0x148140340	?execRefreshLovenseDevices@UAdultToyManager@@SAXPEAVUObject@@AEAUFFrame@@QEAX@Z
0x148140360	?execSendTestVibration@UAdultToyManager@@SAXPEAVUObject@@AEAUFFrame@@QEAX@Z
0x148140380	?execSetBeatSpawnerReference@UAdultToyManager@@SAXPEAVUObject@@AEAUFFrame@@QEAX@Z
0x148140410	?execSetButtplugStrokeRange@UAdultToyManager@@SAXPEAVUObject@@AEAUFFrame@@QEAX@Z
0x1481404e0	?execSetButtplugVibratorIntensity@UAdultToyManager@@SAXPEAVUObject@@AEAUFFrame@@QEAX@Z
0x148140570	?execSetButtplugVibratorPulseDuration@UAdultToyManager@@SAXPEAVUObject@@AEAUFFrame@@QEAX@Z
0x148140600	?execSetHandyMode@UAdultToyManager@@SAXPEAVUObject@@AEAUFFrame@@QEAX@Z
0x148140690	?execSetHandyPosition@UAdultToyManager@@SAXPEAVUObject@@AEAUFFrame@@QEAX@Z
0x148140760	?execSetHandyPositionWithTime@UAdultToyManager@@SAXPEAVUObject@@AEAUFFrame@@QEAX@Z
0x148140880	?execSetHandyPositionWithVelocity@UAdultToyManager@@SAXPEAVUObject@@AEAUFFrame@@QEAX@Z
0x1481409a0	?execSetHandySlideSettings@UAdultToyManager@@SAXPEAVUObject@@AEAUFFrame@@QEAX@Z
0x148140a70	?execSetHandyVelocity@UAdultToyManager@@SAXPEAVUObject@@AEAUFFrame@@QEAX@Z
0x148140b00	?execSetStrokeSlider@UAdultToyManager@@SAXPEAVUObject@@AEAUFFrame@@QEAX@Z
0x148140b90	?execSetStrokeZone@UAdultToyManager@@SAXPEAVUObject@@AEAUFFrame@@QEAX@Z
0x148140c60	?execSetStrokeZoneBaseOnly@UAdultToyManager@@SAXPEAVUObject@@AEAUFFrame@@QEAX@Z
0x148140c80	?execSetStrokeZoneFullRange@UAdultToyManager@@SAXPEAVUObject@@AEAUFFrame@@QEAX@Z
0x148140ca0	?execSetStrokeZoneHeadOnly@UAdultToyManager@@SAXPEAVUObject@@AEAUFFrame@@QEAX@Z
0x148140cc0	?execStartHandyHAMP@UAdultToyManager@@SAXPEAVUObject@@AEAUFFrame@@QEAX@Z
0x148140d50	?execStopHandyHAMP@UAdultToyManager@@SAXPEAVUObject@@AEAUFFrame@@QEAX@Z
0x148140d70	?execTestAllButtplugDevices@UAdultToyManager@@SAXPEAVUObject@@AEAUFFrame@@QEAX@Z
0x148140d90	?execTestHandyConnection@UAdultToyManager@@SAXPEAVUObject@@AEAUFFrame@@QEAX@Z
0x148140db0	?execTestLovenseDevices@UAdultToyManager@@SAXPEAVUObject@@AEAUFFrame@@QEAX@Z
0x148140dd0	?execTestLovenseHTTPConnection@UAdultToyManager@@SAXPEAVUObject@@AEAUFFrame@@QEAX@Z
0x148140df0	?execTestMobileConnection@UAdultToyManager@@SAXPEAVUObject@@AEAUFFrame@@QEAX@Z
0x148140ed0	?StaticClass@UCHPackManager@@SAPEAVUClass@@XZ
0x148142d60	?GetPrivateStaticClass@UCHPackManager@@CAPEAVUClass@@XZ
0x148143620	?StaticRegisterNativesUCHPackManager@UCHPackManager@@CAXXZ
0x148143750	?execExtractChpackToFolder@UCHPackManager@@SAXPEAVUObject@@AEAUFFrame@@QEAX@Z
0x148143880	?execFilterMediaIntoCategoriesAsync@UCHPackManager@@SAXPEAVUObject@@AEAUFFrame@@QEAX@Z
0x1481443c0	?execGetAllChpackPaths@UCHPackManager@@SAXPEAVUObject@@AEAUFFrame@@QEAX@Z
0x148144450	?execGetAllPackInfos@UCHPackManager@@SAXPEAVUObject@@AEAUFFrame@@QEAX@Z
0x1481444a0	?execGetCurrentFilterProcessed@UCHPackManager@@SAXPEAVUObject@@AEAUFFrame@@QEAX@Z
0x1481444d0	?execGetCurrentFilterProgress@UCHPackManager@@SAXPEAVUObject@@AEAUFFrame@@QEAX@Z
0x148144500	?execGetCurrentFilterTotal@UCHPackManager@@SAXPEAVUObject@@AEAUFFrame@@QEAX@Z
0x148144530	?execGetExtractedPackNames@UCHPackManager@@SAXPEAVUObject@@AEAUFFrame@@QEAX@Z
0x1481445c0	?execGetManifestMedia@UCHPackManager@@SAXPEAVUObject@@AEAUFFrame@@QEAX@Z
0x1481446a0	?execLoadManifestFromChpack@UCHPackManager@@SAXPEAVUObject@@AEAUFFrame@@QEAX@Z
0x1481449e0	?execLoadManifestFromJson@UCHPackManager@@SAXPEAVUObject@@AEAUFFrame@@QEAX@Z
0x148144d20	?execMigrateLegacyManifests@UCHPackManager@@SAXPEAVUObject@@AEAUFFrame@@QEAX@Z
0x148144d40	?execSetPatronStatus@UCHPackManager@@SAXPEAVUObject@@AEAUFFrame@@QEAX@Z
0x148144dd0	?execUpdateManifestWithCounts@UCHPackManager@@SAXPEAVUObject@@AEAUFFrame@@QEAX@Z
0x148144e90	?execValidateMediaEntries@UCHPackManager@@SAXPEAVUObject@@AEAUFFrame@@QEAX@Z
0x148145040	?StaticClass@UFFmpegManager@@SAPEAVUClass@@XZ
0x1481454d0	?GetPrivateStaticClass@UFFmpegManager@@CAPEAVUClass@@XZ
0x148145580	?StaticRegisterNativesUFFmpegManager@UFFmpegManager@@CAXXZ
0x1481455c0	?execCloseVideo@UFFmpegManager@@SAXPEAVUObject@@AEAUFFrame@@QEAX@Z
0x1481455e0	?execDecodeAndUploadFrames@UFFmpegManager@@SAXPEAVUObject@@AEAUFFrame@@QEAX@Z
0x1481456b0	?execInitializeFFmpeg@UFFmpegManager@@SAXPEAVUObject@@AEAUFFrame@@QEAX@Z
0x1481456d0	?execOpenVideo@UFFmpegManager@@SAXPEAVUObject@@AEAUFFrame@@QEAX@Z
0x148145810	?StaticClass@UFileImportManager@@SAPEAVUClass@@XZ
0x148146900	?GetPrivateStaticClass@UFileImportManager@@CAPEAVUClass@@XZ
0x148146f50	?StaticRegisterNativesUFileImportManager@UFileImportManager@@CAXXZ
0x148147070	?execAddFiles@UFileImportManager@@SAXPEAVUObject@@AEAUFFrame@@QEAX@Z
0x148147150	?execBrowseForDirectory@UFileImportManager@@SAXPEAVUObject@@AEAUFFrame@@QEAX@Z
0x148147220	?execBrowseForFiles@UFileImportManager@@SAXPEAVUObject@@AEAUFFrame@@QEAX@Z
0x148147310	?execClearAllData@UFileImportManager@@SAXPEAVUObject@@AEAUFFrame@@QEAX@Z
0x148147330	?execDeletePresetFromSaveGame@UFileImportManager@@SAXPEAVUObject@@AEAUFFrame@@QEAX@Z
0x148147430	?execGetAllPresetNamesFromSaveGame@UFileImportManager@@SAXPEAVUObject@@AEAUFFrame@@QEAX@Z
0x148147560	?execGetImageCount@UFileImportManager@@SAXPEAVUObject@@AEAUFFrame@@QEAX@Z
0x1481475a0	?execGetImportedFiles@UFileImportManager@@SAXPEAVUObject@@AEAUFFrame@@QEAX@Z
0x1481475e0	?execGetImportedMediaEntries@UFileImportManager@@SAXPEAVUObject@@AEAUFFrame@@QEAX@Z
0x148147780	?execGetMediaCountText@UFileImportManager@@SAXPEAVUObject@@AEAUFFrame@@QEAX@Z
0x148147810	?execGetVideoCount@UFileImportManager@@SAXPEAVUObject@@AEAUFFrame@@QEAX@Z
0x148147850	?execLoadPresetFromSaveGame@UFileImportManager@@SAXPEAVUObject@@AEAUFFrame@@QEAX@Z
0x148147950	?execRemoveFile@UFileImportManager@@SAXPEAVUObject@@AEAUFFrame@@QEAX@Z
0x148147a00	?execSavePresetToSaveGame@UFileImportManager@@SAXPEAVUObject@@AEAUFFrame@@QEAX@Z
0x148147b00	?execScanCurrentPaths@UFileImportManager@@SAXPEAVUObject@@AEAUFFrame@@QEAX@Z
0x148147b20	?execSetFileEnabled@UFileImportManager@@SAXPEAVUObject@@AEAUFFrame@@QEAX@Z
0x148147c20	?execVerifyFileExists@UFileImportManager@@SAXPEAVUObject@@AEAUFFrame@@QEAX@Z
0x148147ce0	?StaticClass@UHandyManager@@SAPEAVUClass@@XZ
0x1481481d0	?GetPrivateStaticClass@UHandyManager@@CAPEAVUClass@@XZ
0x148148280	?StaticRegisterNativesUHandyManager@UHandyManager@@CAXXZ
0x1481482c0	?execCheckStatus@UHandyManager@@SAXPEAVUObject@@AEAUFFrame@@QEAX@Z
0x1481482e0	?execInit@UHandyManager@@SAXPEAVUObject@@AEAUFFrame@@QEAX@Z
0x148148390	?execIsConnected@UHandyManager@@SAXPEAVUObject@@AEAUFFrame@@QEAX@Z
0x1481483c0	?execSendHDSPBeatCycle@UHandyManager@@SAXPEAVUObject@@AEAUFFrame@@QEAX@Z
0x148148450	?execSendPace@UHandyManager@@SAXPEAVUObject@@AEAUFFrame@@QEAX@Z
0x1481484e0	?execSetConnectionKey@UHandyManager@@SAXPEAVUObject@@AEAUFFrame@@QEAX@Z
0x14814b420	?StaticClass@UMediaPlaybackController@@SAPEAVUClass@@XZ
0x14814c110	?GetPrivateStaticClass@UMediaPlaybackController@@CAPEAVUClass@@XZ
0x14814c1c0	?StaticRegisterNativesUMediaPlaybackController@UMediaPlaybackController@@CAXXZ
0x14814c200	?execEnableBeatPatternSync@UMediaPlaybackController@@SAXPEAVUObject@@AEAUFFrame@@QEAX@Z
0x14814c290	?execFindVideoFile@UMediaPlaybackController@@SAXPEAVUObject@@AEAUFFrame@@QEAX@Z
0x14814c390	?execGetCurrentBeatIndex@UMediaPlaybackController@@SAXPEAVUObject@@AEAUFFrame@@QEAX@Z
0x14814c3c0	?execGetCurrentFrameIndex@UMediaPlaybackController@@SAXPEAVUObject@@AEAUFFrame@@QEAX@Z
0x14814c3f0	?execGetMasterTimelinePosition@UMediaPlaybackController@@SAXPEAVUObject@@AEAUFFrame@@QEAX@Z
0x14814c430	?execGetPlaybackMode@UMediaPlaybackController@@SAXPEAVUObject@@AEAUFFrame@@QEAX@Z
0x14814c460	?execGetTotalFrameCount@UMediaPlaybackController@@SAXPEAVUObject@@AEAUFFrame@@QEAX@Z
0x14814c490	?execGetVideoDuration@UMediaPlaybackController@@SAXPEAVUObject@@AEAUFFrame@@QEAX@Z
0x14814c4c0	?execIsPlaying@UMediaPlaybackController@@SAXPEAVUObject@@AEAUFFrame@@QEAX@Z
0x14814c4f0	?execLoadStaticImage@UMediaPlaybackController@@SAXPEAVUObject@@AEAUFFrame@@QEAX@Z
0x14814c5b0	?execOnBeatPatternAdvanced@UMediaPlaybackController@@SAXPEAVUObject@@AEAUFFrame@@QEAX@Z
0x14814c6d0	?execPlayMediaEntry@UMediaPlaybackController@@SAXPEAVUObject@@AEAUFFrame@@QEAX@Z
0x14814c810	?execSetAsBackgroundInstance@UMediaPlaybackController@@SAXPEAVUObject@@AEAUFFrame@@QEAX@Z
0x14814c8a0	?execSetBeatInterval@UMediaPlaybackController@@SAXPEAVUObject@@AEAUFFrame@@QEAX@Z
0x14814c930	?execSetBeatPattern@UMediaPlaybackController@@SAXPEAVUObject@@AEAUFFrame@@QEAX@Z
0x14814caf0	?execSetCropMode@UMediaPlaybackController@@SAXPEAVUObject@@AEAUFFrame@@QEAX@Z
0x14814cb80	?execSetScaleBoxReference@UMediaPlaybackController@@SAXPEAVUObject@@AEAUFFrame@@QEAX@Z
0x14814cc10	?execSetSyncStartTime@UMediaPlaybackController@@SAXPEAVUObject@@AEAUFFrame@@QEAX@Z
0x14814ccf0	?execStopPlayback@UMediaPlaybackController@@SAXPEAVUObject@@AEAUFFrame@@QEAX@Z
0x14814cd80	?execSyncToBeat@UMediaPlaybackController@@SAXPEAVUObject@@AEAUFFrame@@QEAX@Z
0x14814cea0	?execUpdateBeatInterval@UMediaPlaybackController@@SAXPEAVUObject@@AEAUFFrame@@QEAX@Z
0x14814cf30	?execUpdateSpeedItemMultiplier@UMediaPlaybackController@@SAXPEAVUObject@@AEAUFFrame@@QEAX@Z
0x14814cfc0	?StaticClass@UPreciseBeatWidget@@SAPEAVUClass@@XZ
0x14814d6e0	?GetPrivateStaticClass@UPreciseBeatWidget@@CAPEAVUClass@@XZ
0x14814d7a0	?StaticRegisterNativesUPreciseBeatWidget@UPreciseBeatWidget@@CAXXZ
0x14814d7e0	?execReturnToPool@UPreciseBeatWidget@@SAXPEAVUObject@@AEAUFFrame@@QEAX@Z
0x14814d800	?execStartBeatMovement@UPreciseBeatWidget@@SAXPEAVUObject@@AEAUFFrame@@QEAX@Z
0x1481505d0	?StaticClass@UProgressionManager@@SAPEAVUClass@@XZ
0x148156650	?GetPrivateStaticClass@UProgressionManager@@CAPEAVUClass@@XZ
0x148158e50	?StaticRegisterNativesUProgressionManager@UProgressionManager@@CAXXZ
0x148159350	?execAddModifier@UProgressionManager@@SAXPEAVUObject@@AEAUFFrame@@QEAX@Z
0x148159400	?execAddUnlockPoints@UProgressionManager@@SAXPEAVUObject@@AEAUFFrame@@QEAX@Z
0x148159490	?execAddXP@UProgressionManager@@SAXPEAVUObject@@AEAUFFrame@@QEAX@Z
0x148159580	?execCalculateSessionXP@UProgressionManager@@SAXPEAVUObject@@AEAUFFrame@@QEAX@Z
0x1481596b0	?execCanClaimReward@UProgressionManager@@SAXPEAVUObject@@AEAUFFrame@@QEAX@Z
0x148159750	?execCanEnableModifier@UProgressionManager@@SAXPEAVUObject@@AEAUFFrame@@QEAX@Z
0x1481598a0	?execClaimChallengeReward@UProgressionManager@@SAXPEAVUObject@@AEAUFFrame@@QEAX@Z
0x148159940	?execClaimChallengeRewards@UProgressionManager@@SAXPEAVUObject@@AEAUFFrame@@QEAX@Z
0x148159a20	?execClearModifiers@UProgressionManager@@SAXPEAVUObject@@AEAUFFrame@@QEAX@Z
0x148159a40	?execDebugCompleteAllChallenges@UProgressionManager@@SAXPEAVUObject@@AEAUFFrame@@QEAX@Z
0x148159a60	?execDebugModifierSystem@UProgressionManager@@SAXPEAVUObject@@AEAUFFrame@@QEAX@Z
0x148159a80	?execEndSession@UProgressionManager@@SAXPEAVUObject@@AEAUFFrame@@QEAX@Z
0x148159ba0	?execEquipPlayerCard@UProgressionManager@@SAXPEAVUObject@@AEAUFFrame@@QEAX@Z
0x148159c40	?execFormatLargeNumber@UProgressionManager@@SAXPEAVUObject@@AEAUFFrame@@QEAX@Z
0x148159d20	?execFormatPlayTime@UProgressionManager@@SAXPEAVUObject@@AEAUFFrame@@QEAX@Z
0x148159e00	?execFormatSecondsToTime@UProgressionManager@@SAXPEAVUObject@@AEAUFFrame@@QEAX@Z
0x148159ed0	?execGetActiveChallenges@UProgressionManager@@SAXPEAVUObject@@AEAUFFrame@@QEAX@Z
0x148159f70	?execGetAllChallengeData@UProgressionManager@@SAXPEAVUObject@@AEAUFFrame@@QEAX@Z
0x14815a0c0	?execGetAllChallengesWithProgress@UProgressionManager@@SAXPEAVUObject@@AEAUFFrame@@QEAX@Z
0x14815a160	?execGetAllConflictsForModifier@UProgressionManager@@SAXPEAVUObject@@AEAUFFrame@@QEAX@Z
0x14815a270	?execGetAllModifierData@UProgressionManager@@SAXPEAVUObject@@AEAUFFrame@@QEAX@Z
0x14815a460	?execGetAllModifierIDs@UProgressionManager@@SAXPEAVUObject@@AEAUFFrame@@QEAX@Z
0x14815a4f0	?execGetAllPlayerCardData@UProgressionManager@@SAXPEAVUObject@@AEAUFFrame@@QEAX@Z
0x14815a650	?execGetAverageDurationSeconds@UProgressionManager@@SAXPEAVUObject@@AEAUFFrame@@QEAX@Z
0x14815a690	?execGetAverageDurationText@UProgressionManager@@SAXPEAVUObject@@AEAUFFrame@@QEAX@Z
0x14815a720	?execGetAverageEdgesText@UProgressionManager@@SAXPEAVUObject@@AEAUFFrame@@QEAX@Z
0x14815a7b0	?execGetAverageEdgesValue@UProgressionManager@@SAXPEAVUObject@@AEAUFFrame@@QEAX@Z
0x14815a7f0	?execGetAverageStrokesPerEdgeText@UProgressionManager@@SAXPEAVUObject@@AEAUFFrame@@QEAX@Z
0x14815a880	?execGetAverageStrokesPerEdgeValue@UProgressionManager@@SAXPEAVUObject@@AEAUFFrame@@QEAX@Z
0x14815a8c0	?execGetAverageStrokesPerMinuteText@UProgressionManager@@SAXPEAVUObject@@AEAUFFrame@@QEAX@Z
0x14815a950	?execGetAverageStrokesPerMinuteValue@UProgressionManager@@SAXPEAVUObject@@AEAUFFrame@@QEAX@Z
0x14815a990	?execGetAverageStrokesText@UProgressionManager@@SAXPEAVUObject@@AEAUFFrame@@QEAX@Z
0x14815aa20	?execGetAverageStrokesValue@UProgressionManager@@SAXPEAVUObject@@AEAUFFrame@@QEAX@Z
0x14815aa60	?execGetAveragesText@UProgressionManager@@SAXPEAVUObject@@AEAUFFrame@@QEAX@Z
0x14815aaf0	?execGetChallengeData@UProgressionManager@@SAXPEAVUObject@@AEAUFFrame@@QEAX@Z
0x14815abc0	?execGetChallengeDataForModifier@UProgressionManager@@SAXPEAVUObject@@AEAUFFrame@@QEAX@Z
0x14815ac90	?execGetChallengeForModifier@UProgressionManager@@SAXPEAVUObject@@AEAUFFrame@@QEAX@Z
0x14815ad30	?execGetChallengeProgress@UProgressionManager@@SAXPEAVUObject@@AEAUFFrame@@QEAX@Z
0x14815ae80	?execGetChallengeProgressText@UProgressionManager@@SAXPEAVUObject@@AEAUFFrame@@QEAX@Z
0x14815af60	?execGetChallengesForPack@UProgressionManager@@SAXPEAVUObject@@AEAUFFrame@@QEAX@Z
0x14815b060	?execGetComboText@UProgressionManager@@SAXPEAVUObject@@AEAUFFrame@@QEAX@Z
0x14815b1d0	?execGetCompleteStatsReport@UProgressionManager@@SAXPEAVUObject@@AEAUFFrame@@QEAX@Z
0x14815b260	?execGetConflictingModifiers@UProgressionManager@@SAXPEAVUObject@@AEAUFFrame@@QEAX@Z
0x14815b3f0	?execGetCurrentConsecutiveSuccubi@UProgressionManager@@SAXPEAVUObject@@AEAUFFrame@@QEAX@Z
0x14815b420	?execGetCurrentEdgeStreak@UProgressionManager@@SAXPEAVUObject@@AEAUFFrame@@QEAX@Z
0x14815b450	?execGetCurrentLevelIcon@UProgressionManager@@SAXPEAVUObject@@AEAUFFrame@@QEAX@Z
0x14815b490	?execGetCurrentPlayerTitle@UProgressionManager@@SAXPEAVUObject@@AEAUFFrame@@QEAX@Z
0x14815b4d0	?execGetCurrentSessionDuration@UProgressionManager@@SAXPEAVUObject@@AEAUFFrame@@QEAX@Z
0x14815b510	?execGetCurrentSessionStats@UProgressionManager@@SAXPEAVUObject@@AEAUFFrame@@QEAX@Z
0x14815b5b0	?execGetCurrentSessionStatsText@UProgressionManager@@SAXPEAVUObject@@AEAUFFrame@@QEAX@Z
0x14815b640	?execGetCurrentStrokeCombo@UProgressionManager@@SAXPEAVUObject@@AEAUFFrame@@QEAX@Z
0x14815b670	?execGetDebugStatsString@UProgressionManager@@SAXPEAVUObject@@AEAUFFrame@@QEAX@Z
0x14815b700	?execGetDetailedStatsText@UProgressionManager@@SAXPEAVUObject@@AEAUFFrame@@QEAX@Z
0x14815b870	?execGetDurationText@UProgressionManager@@SAXPEAVUObject@@AEAUFFrame@@QEAX@Z
0x14815b9e0	?execGetEdgesText@UProgressionManager@@SAXPEAVUObject@@AEAUFFrame@@QEAX@Z
0x14815bb50	?execGetEquippedPlayerCard@UProgressionManager@@SAXPEAVUObject@@AEAUFFrame@@QEAX@Z
0x14815bb80	?execGetGlobalLifetimeBest@UProgressionManager@@SAXPEAVUObject@@AEAUFFrame@@QEAX@Z
0x14815bc90	?execGetHighscoresText@UProgressionManager@@SAXPEAVUObject@@AEAUFFrame@@QEAX@Z
0x14815bd20	?execGetIconForLevel@UProgressionManager@@SAXPEAVUObject@@AEAUFFrame@@QEAX@Z
0x14815bdc0	?execGetLevelProgressPercent@UProgressionManager@@SAXPEAVUObject@@AEAUFFrame@@QEAX@Z
0x14815be00	?execGetLifetimeBestEdgeStreak@UProgressionManager@@SAXPEAVUObject@@AEAUFFrame@@QEAX@Z
0x14815bea0	?execGetLifetimeBestForChallenge@UProgressionManager@@SAXPEAVUObject@@AEAUFFrame@@QEAX@Z
0x14815bf70	?execGetLifetimeStats@UProgressionManager@@SAXPEAVUObject@@AEAUFFrame@@QEAX@Z
0x14815c010	?execGetLifetimeStatsText@UProgressionManager@@SAXPEAVUObject@@AEAUFFrame@@QEAX@Z
0x14815c0a0	?execGetLockedModifiers@UProgressionManager@@SAXPEAVUObject@@AEAUFFrame@@QEAX@Z
0x14815c130	?execGetMetricDisplayName@UProgressionManager@@SAXPEAVUObject@@AEAUFFrame@@QEAX@Z
0x14815c210	?execGetModifierData@UProgressionManager@@SAXPEAVUObject@@AEAUFFrame@@QEAX@Z
0x14815c360	?execGetNextLevelIcon@UProgressionManager@@SAXPEAVUObject@@AEAUFFrame@@QEAX@Z
0x14815c3a0	?execGetPlayerCardData@UProgressionManager@@SAXPEAVUObject@@AEAUFFrame@@QEAX@Z
0x14815c4c0	?execGetRequirementDisplayText@UProgressionManager@@SAXPEAVUObject@@AEAUFFrame@@QEAX@Z
0x14815c5e0	?execGetRequirementProgressPercent@UProgressionManager@@SAXPEAVUObject@@AEAUFFrame@@QEAX@Z
0x14815c6b0	?execGetRewardsText@UProgressionManager@@SAXPEAVUObject@@AEAUFFrame@@QEAX@Z
0x14815c9e0	?execGetSessionBestConsecutiveSuccubi@UProgressionManager@@SAXPEAVUObject@@AEAUFFrame@@QEAX@Z
0x14815ca10	?execGetSessionBestEdgeStreak@UProgressionManager@@SAXPEAVUObject@@AEAUFFrame@@QEAX@Z
0x14815ca40	?execGetStatValueText@UProgressionManager@@SAXPEAVUObject@@AEAUFFrame@@QEAX@Z
0x14815cb60	?execGetStrokesText@UProgressionManager@@SAXPEAVUObject@@AEAUFFrame@@QEAX@Z
0x14815ccd0	?execGetTitleForLevel@UProgressionManager@@SAXPEAVUObject@@AEAUFFrame@@QEAX@Z
0x14815cd70	?execGetTotalChallengeCount@UProgressionManager@@SAXPEAVUObject@@AEAUFFrame@@QEAX@Z
0x14815cdb0	?execGetTrackedChallenges@UProgressionManager@@SAXPEAVUObject@@AEAUFFrame@@QEAX@Z
0x14815ce90	?execGetUnlockPoints@UProgressionManager@@SAXPEAVUObject@@AEAUFFrame@@QEAX@Z
0x14815cec0	?execGetUnlockedModifiers@UProgressionManager@@SAXPEAVUObject@@AEAUFFrame@@QEAX@Z
0x14815cf60	?execGetUnlockedPlayerCards@UProgressionManager@@SAXPEAVUObject@@AEAUFFrame@@QEAX@Z
0x14815d000	?execGetWinRateText@UProgressionManager@@SAXPEAVUObject@@AEAUFFrame@@QEAX@Z
0x14815d090	?execGetXPForNextLevel@UProgressionManager@@SAXPEAVUObject@@AEAUFFrame@@QEAX@Z
0x14815d0d0	?execGetXPProgressInCurrentLevel@UProgressionManager@@SAXPEAVUObject@@AEAUFFrame@@QEAX@Z
0x14815d110	?execInitializeChallenges@UProgressionManager@@SAXPEAVUObject@@AEAUFFrame@@QEAX@Z
0x14815d130	?execInitializeProgression@UProgressionManager@@SAXPEAVUObject@@AEAUFFrame@@QEAX@Z
0x14815d150	?execIsChallengeComplete@UProgressionManager@@SAXPEAVUObject@@AEAUFFrame@@QEAX@Z
0x14815d1f0	?execIsChallengeTracked@UProgressionManager@@SAXPEAVUObject@@AEAUFFrame@@QEAX@Z
0x14815d290	?execIsModifierUnlocked@UProgressionManager@@SAXPEAVUObject@@AEAUFFrame@@QEAX@Z
0x14815d330	?execIsPackChallengeReward@UProgressionManager@@SAXPEAVUObject@@AEAUFFrame@@QEAX@Z
0x14815d3f0	?execIsPlayerCardUnlocked@UProgressionManager@@SAXPEAVUObject@@AEAUFFrame@@QEAX@Z
0x14815d490	?execLoadProgress@UProgressionManager@@SAXPEAVUObject@@AEAUFFrame@@QEAX@Z
0x14815d4b0	?execPrepareSessionRewards@UProgressionManager@@SAXPEAVUObject@@AEAUFFrame@@QEAX@Z
0x14815d650	?execRecordSessionMetric@UProgressionManager@@SAXPEAVUObject@@AEAUFFrame@@QEAX@Z
0x14815d720	?execRemoveModifier@UProgressionManager@@SAXPEAVUObject@@AEAUFFrame@@QEAX@Z
0x14815d7d0	?execResetProgress@UProgressionManager@@SAXPEAVUObject@@AEAUFFrame@@QEAX@Z
0x14815d7f0	?execSaveProgress@UProgressionManager@@SAXPEAVUObject@@AEAUFFrame@@QEAX@Z
0x14815d810	?execSetChallengeDataTable@UProgressionManager@@SAXPEAVUObject@@AEAUFFrame@@QEAX@Z
0x14815d8a0	?execSetConsecutiveSuccubi@UProgressionManager@@SAXPEAVUObject@@AEAUFFrame@@QEAX@Z
0x14815d930	?execSetEdgeStreak@UProgressionManager@@SAXPEAVUObject@@AEAUFFrame@@QEAX@Z
0x14815d9c0	?execSetLevelDataTable@UProgressionManager@@SAXPEAVUObject@@AEAUFFrame@@QEAX@Z
0x14815da50	?execSetModifierDataTable@UProgressionManager@@SAXPEAVUObject@@AEAUFFrame@@QEAX@Z
0x14815dae0	?execSetPlayerCardDataTable@UProgressionManager@@SAXPEAVUObject@@AEAUFFrame@@QEAX@Z
0x14815db70	?execSetSessionMetric@UProgressionManager@@SAXPEAVUObject@@AEAUFFrame@@QEAX@Z
0x14815dc40	?execSetStrokeCombo@UProgressionManager@@SAXPEAVUObject@@AEAUFFrame@@QEAX@Z
0x14815dcd0	?execSpendUnlockPoints@UProgressionManager@@SAXPEAVUObject@@AEAUFFrame@@QEAX@Z
0x14815dd70	?execStartNewSession@UProgressionManager@@SAXPEAVUObject@@AEAUFFrame@@QEAX@Z
0x14815dd90	?execTrackChallenge@UProgressionManager@@SAXPEAVUObject@@AEAUFFrame@@QEAX@Z
0x14815de30	?execUnlockModifier@UProgressionManager@@SAXPEAVUObject@@AEAUFFrame@@QEAX@Z
0x14815ded0	?execUnlockPlayerCard@UProgressionManager@@SAXPEAVUObject@@AEAUFFrame@@QEAX@Z
0x14815df70	?execUntrackChallenge@UProgressionManager@@SAXPEAVUObject@@AEAUFFrame@@QEAX@Z
0x14815e000	?execUpdateLifetimeBest@UProgressionManager@@SAXPEAVUObject@@AEAUFFrame@@QEAX@Z
0x14815e0d0	?execUpdateMetric@UProgressionManager@@SAXPEAVUObject@@AEAUFFrame@@QEAX@Z
0x14815e1a0	?execUpdateMetricWithConditions@UProgressionManager@@SAXPEAVUObject@@AEAUFFrame@@QEAX@Z
0x14815e380	?StaticClass@UBeatSpawnerManager@@SAPEAVUClass@@XZ
0x14815f780	?FOnBeatSpeedChanged_DelegateWrapper@UBeatSpawnerManager@@SAXAEBV?$TMulticastScriptDelegate@UFNotThreadSafeDelegateMode@@@@HM@Z
0x14815f8e0	?GetPrivateStaticClass@UBeatSpawnerManager@@CAPEAVUClass@@XZ
0x14815fe90	?StaticRegisterNativesUBeatSpawnerManager@UBeatSpawnerManager@@CAXXZ
0x14815ff70	?execApplySpeedModifier@UBeatSpawnerManager@@SAXPEAVUObject@@AEAUFFrame@@QEAX@Z
0x148160000	?execApplyStrokeCountModifier@UBeatSpawnerManager@@SAXPEAVUObject@@AEAUFFrame@@QEAX@Z
0x148160090	?execChangePattern@UBeatSpawnerManager@@SAXPEAVUObject@@AEAUFFrame@@QEAX@Z
0x1481601b0	?execCreateTestBeatWidget@UBeatSpawnerManager@@SAXPEAVUObject@@AEAUFFrame@@QEAX@Z
0x148160260	?execDebugBeatCounts@UBeatSpawnerManager@@SAXPEAVUObject@@AEAUFFrame@@QEAX@Z
0x148160280	?execGetBeatsRemaining@UBeatSpawnerManager@@SAXPEAVUObject@@AEAUFFrame@@QEAX@Z
0x1481602c0	?execGetCompletedBeats@UBeatSpawnerManager@@SAXPEAVUObject@@AEAUFFrame@@QEAX@Z
0x1481602f0	?execGetCurrentBeatIndex@UBeatSpawnerManager@@SAXPEAVUObject@@AEAUFFrame@@QEAX@Z
0x148160320	?execGetCurrentInterval@UBeatSpawnerManager@@SAXPEAVUObject@@AEAUFFrame@@QEAX@Z
0x148160360	?execGetMasterTimelinePosition@UBeatSpawnerManager@@SAXPEAVUObject@@AEAUFFrame@@QEAX@Z
0x1481603a0	?execGetMinimumBeatInterval@UBeatSpawnerManager@@SAXPEAVUObject@@AEAUFFrame@@QEAX@Z
0x1481603d0	?execGetTotalBeatsInQueue@UBeatSpawnerManager@@SAXPEAVUObject@@AEAUFFrame@@QEAX@Z
0x148160400	?execIsSequenceRunning@UBeatSpawnerManager@@SAXPEAVUObject@@AEAUFFrame@@QEAX@Z
0x148160440	?execOnBeatReachedCenter@UBeatSpawnerManager@@SAXPEAVUObject@@AEAUFFrame@@QEAX@Z
0x1481604f0	?execPauseSequence@UBeatSpawnerManager@@SAXPEAVUObject@@AEAUFFrame@@QEAX@Z
0x148160510	?execResumeSequence@UBeatSpawnerManager@@SAXPEAVUObject@@AEAUFFrame@@QEAX@Z
0x148160530	?execSetMinimumBeatInterval@UBeatSpawnerManager@@SAXPEAVUObject@@AEAUFFrame@@QEAX@Z
0x1481605c0	?execSetWorld@UBeatSpawnerManager@@SAXPEAVUObject@@AEAUFFrame@@QEAX@Z
0x148160650	?execStartPattern@UBeatSpawnerManager@@SAXPEAVUObject@@AEAUFFrame@@QEAX@Z
0x1481608f0	?execStartPatternWithMediaSync@UBeatSpawnerManager@@SAXPEAVUObject@@AEAUFFrame@@QEAX@Z
0x148160bd0	?execStopSequence@UBeatSpawnerManager@@SAXPEAVUObject@@AEAUFFrame@@QEAX@Z
0x148160bf0	?StaticClass@UCHPackStoreController@@SAPEAVUClass@@XZ
0x148161430	?GetPrivateStaticClass@UCHPackStoreController@@CAPEAVUClass@@XZ
0x1481614e0	?StaticRegisterNativesUCHPackStoreController@UCHPackStoreController@@CAXXZ
0x148161520	?execAddUnlockPoints@UCHPackStoreController@@SAXPEAVUObject@@AEAUFFrame@@QEAX@Z
0x1481615b0	?execApplyIronManPenalty@UCHPackStoreController@@SAXPEAVUObject@@AEAUFFrame@@QEAX@Z
0x1481615d0	?execCheckAndMigratePacks@UCHPackStoreController@@SAXPEAVUObject@@AEAUFFrame@@QEAX@Z
0x1481615f0	?execGetAllEnabledMedia@UCHPackStoreController@@SAXPEAVUObject@@AEAUFFrame@@QEAX@Z
0x148161710	?execGetAllPackInfos@UCHPackStoreController@@SAXPEAVUObject@@AEAUFFrame@@QEAX@Z
0x148161760	?execGetPackManifest@UCHPackStoreController@@SAXPEAVUObject@@AEAUFFrame@@QEAX@Z
0x148161aa0	?execGetUnlockPoints@UCHPackStoreController@@SAXPEAVUObject@@AEAUFFrame@@QEAX@Z
0x148161ae0	?execGetVisiblePackInfos@UCHPackStoreController@@SAXPEAVUObject@@AEAUFFrame@@QEAX@Z
0x148161b30	?execInit@UCHPackStoreController@@SAXPEAVUObject@@AEAUFFrame@@QEAX@Z
0x148161b50	?execIsPackEnabled@UCHPackStoreController@@SAXPEAVUObject@@AEAUFFrame@@QEAX@Z
0x148161c10	?execIsPackLocked@UCHPackStoreController@@SAXPEAVUObject@@AEAUFFrame@@QEAX@Z
0x148161cd0	?execIsPackUnlocked@UCHPackStoreController@@SAXPEAVUObject@@AEAUFFrame@@QEAX@Z
0x148161d90	?execReloadSave@UCHPackStoreController@@SAXPEAVUObject@@AEAUFFrame@@QEAX@Z
0x148161db0	?execSave@UCHPackStoreController@@SAXPEAVUObject@@AEAUFFrame@@QEAX@Z
0x148161dd0	?execSetPackEnabled@UCHPackStoreController@@SAXPEAVUObject@@AEAUFFrame@@QEAX@Z
0x148161ed0	?execUnlockPack@UCHPackStoreController@@SAXPEAVUObject@@AEAUFFrame@@QEAX@Z
0x148161f90	?execUnlockPackFromChallenge@UCHPackStoreController@@SAXPEAVUObject@@AEAUFFrame@@QEAX@Z
0x148167010	?BuildHandyUrl@UAdultToyManager@@AEBA?AVFString@@AEBV2@@Z
0x148167070	?CalculateDynamicIntensity@UAdultToyManager@@IEAAHM@Z
0x1481670b0	?CalculateStrokePositionFromBeat@UAdultToyManager@@AEAAHAEBUFBeatEvent@@_N@Z
0x1481670d0	?CategorizeButtplugDevice@UAdultToyManager@@IEAAXAEAUFButtplugDevice@@@Z
0x1481673f0	?CategorizeConnectedDevices@UAdultToyManager@@IEAAXXZ
0x148167400	?CheckRealDeviceConnection@UAdultToyManager@@QEAAXXZ
0x1481675c0	?CleanButtplugDeviceName@UAdultToyManager@@IEBA?AVFString@@AEBV2@@Z
0x148167870	?ConnectToButtplug@UAdultToyManager@@QEAAXXZ
0x148168400	?ConnectToHandy@UAdultToyManager@@QEAAXAEBVFString@@@Z
0x148168610	?ConnectToLovense@UAdultToyManager@@QEAAXXZ
0x1481687e0	?ConnectToLovenseViaHTTP@UAdultToyManager@@QEAAXAEBVFString@@H@Z
0x148168cb0	?ConnectToLovenseViaMobile@UAdultToyManager@@QEAAXAEBVFString@@H@Z
0x1481694e0	?ConvertBeatEventToToyCommand@UAdultToyManager@@AEAA?AUFToyBeatCommand@@AEBUFBeatEvent@@@Z
0x14816cdb0	?DebugLogAllDevices@UAdultToyManager@@QEBAXXZ
0x14816d0f0	?DebugLogButtplugStatus@UAdultToyManager@@QEBAXXZ
0x14816d520	?DebugLogHandyStatus@UAdultToyManager@@QEBAXXZ
0x14816d6f0	?DebugLogLovenseHTTPStats@UAdultToyManager@@QEBAXXZ
0x14816d8c0	?DebugLogLovenseStatus@UAdultToyManager@@QEBAXXZ
0x14816dd70	?DisconnectFromButtplug@UAdultToyManager@@QEAAXXZ
0x14816e040	?DisconnectFromHandy@UAdultToyManager@@QEAAXXZ
0x14816e250	?DisconnectFromLovense@UAdultToyManager@@QEAAXXZ
0x14816e380	?DisconnectFromLovenseInternal@UAdultToyManager@@AEAAXXZ
0x14816e4b0	?DisconnectFromLovenseViaMobile@UAdultToyManager@@QEAAXXZ
0x14816e750	?EmergencyStopAllDevices@UAdultToyManager@@QEAAXXZ
0x14816ef50	?EnableBeatSynchronization@UAdultToyManager@@QEAAX_N@Z
0x14816fd10	?ExecuteAlternatingStroke@UAdultToyManager@@IEAAXAEBUFBeatEvent@@@Z
0x14816fed0	?ExecuteButtplugBeatCommand@UAdultToyManager@@IEAAXAEBUFBeatEvent@@@Z
0x148171670	?ExecuteLovenseHTTPBeatCommand@UAdultToyManager@@IEAAXAEBUFBeatEvent@@@Z
0x1481719f0	?ExecuteLovenseStrokeCommand@UAdultToyManager@@IEAAXAEBUFBeatEvent@@@Z
0x148171cf0	?ExecuteLovenseVibrationCommand@UAdultToyManager@@IEAAXAEBUFBeatEvent@@@Z
0x148172040	?ExecutePrecisionStroke@UAdultToyManager@@AEAAXAEBUFBeatEvent@@@Z
0x1481721f0	?GetButtplugDebugString@UAdultToyManager@@QEBA?AVFString@@XZ
0x148173aa0	?GetConnectedButtplugDeviceNames@UAdultToyManager@@QEBA?AV?$TArray@VFString@@V?$TSizedDefaultAllocator@$0CA@@@@@XZ
0x148173cb0	?GetConnectedLovenseDeviceCount@UAdultToyManager@@QEBAHXZ
0x148173cf0	?GetConnectedLovenseDeviceNames@UAdultToyManager@@QEBA?AV?$TArray@VFString@@V?$TSizedDefaultAllocator@$0CA@@@@@XZ
0x148174040	?GetNextButtplugMessageId@UAdultToyManager@@IEAAHXZ
0x148174200	?GetStatId@UAdultToyManager@@MEBA?AUTStatId@@XZ
0x1481744e0	?GetWorld@UAdultToyManager@@MEBAPEAVUWorld@@XZ
0x148174560	?HasConnectedLovenseDevices@UAdultToyManager@@QEBA_NXZ
0x148174800	?InitializeLovenseSystem@UAdultToyManager@@IEAAXXZ
0x148174cd0	?InitializeMobileEventsAPI@UAdultToyManager@@IEAAXAEBVFString@@H@Z
0x1481751c0	?InitializeWithGameInstance@UAdultToyManager@@QEAAXPEAVUGameInstance@@@Z
0x148175510	?IsHTTPToyStroker@UAdultToyManager@@IEBA_NAEBVFString@@@Z
0x148175580	?IsHTTPToyThrusting@UAdultToyManager@@IEBA_NAEBVFString@@@Z
0x148175620	?IsHTTPToyVibrator@UAdultToyManager@@IEBA_NAEBVFString@@@Z
0x1481758d0	?IsLovenseStroker@UAdultToyManager@@IEBA_NPEAVULovenseToy@@@Z
0x148175a40	?IsLovenseVibrator@UAdultToyManager@@IEBA_NPEAVULovenseToy@@@Z
0x148175d50	?IsMobileEventsAPIToyStroker@UAdultToyManager@@IEBA_NAEBVFString@@@Z
0x148175de0	?IsMobileEventsAPIToyVibrator@UAdultToyManager@@IEBA_NAEBVFString@@@Z
0x148176130	?IsTickable@UAdultToyManager@@MEBA_NXZ
0x1481761b0	?LogBeatSyncStats@UAdultToyManager@@QEBAXXZ
0x148176360	?LogHandyError@UAdultToyManager@@AEAAXAEBVFString@@0@Z
0x148176480	?LogLovenseError@UAdultToyManager@@AEAAXAEBVFString@@0@Z
0x148176620	?OnBeatFired@UAdultToyManager@@IEAAXAEBUFBeatEvent@@@Z
0x1481766a0	?OnBeatHitCenter@UAdultToyManager@@IEAAXAEBUFBeatEvent@@@Z
0x1481768f0	?OnButtplugClosed@UAdultToyManager@@IEAAXHAEBVFString@@_N@Z
0x148176da0	?OnButtplugConnected@UAdultToyManager@@IEAAXXZ
0x148176e40	?OnButtplugConnectionError@UAdultToyManager@@IEAAXAEBVFString@@@Z
0x148177320	?OnButtplugMessage@UAdultToyManager@@IEAAXAEBVFString@@@Z
0x148177ef0	?OnHTTPGetToysResponse@UAdultToyManager@@IEAAXV?$TSharedPtr@VIHttpRequest@@$00@@V?$TSharedPtr@VIHttpResponse@@$00@@_N@Z
0x148178190	?OnHandyGenericResponse@UAdultToyManager@@IEAAXV?$TSharedPtr@VIHttpRequest@@$00@@V?$TSharedPtr@VIHttpResponse@@$00@@_N@Z
0x148178310	?OnHandyHAMPResponse@UAdultToyManager@@IEAAXV?$TSharedPtr@VIHttpRequest@@$00@@V?$TSharedPtr@VIHttpResponse@@$00@@_N@Z
0x1481784a0	?OnHandyInfoResponse@UAdultToyManager@@IEAAXV?$TSharedPtr@VIHttpRequest@@$00@@V?$TSharedPtr@VIHttpResponse@@$00@@_N@Z
0x148178b60	?OnHandyModeResponse@UAdultToyManager@@IEAAXV?$TSharedPtr@VIHttpRequest@@$00@@V?$TSharedPtr@VIHttpResponse@@$00@@_N@Z
0x148178e30	?OnHandyStatusResponse@UAdultToyManager@@IEAAXV?$TSharedPtr@VIHttpRequest@@$00@@V?$TSharedPtr@VIHttpResponse@@$00@@_N@Z
0x148179040	?OnLovenseStarted@UAdultToyManager@@IEAAXXZ
0x1481791a0	?OnLovenseStopped@UAdultToyManager@@IEAAXXZ
0x1481792a0	?OnLovenseToysUpdated@UAdultToyManager@@IEAAXXZ
0x148179340	?OnMobileEventsAPIResultCode@UAdultToyManager@@IEAAXH@Z
0x148179840	?OnMobileEventsAPIToysReceived@UAdultToyManager@@IEAAXAEBV?$TArray@PEAVUELovenseEventsToy@@V?$TSizedDefaultAllocator@$0CA@@@@@@Z
0x148179c10	?OnMobileEventsToyBatteryChanged@UAdultToyManager@@IEAAXAEBVFString@@H@Z
0x148179d20	?OnMobileEventsToyConnectStatusChanged@UAdultToyManager@@IEAAXAEBVFString@@_N@Z
0x148179ef0	?OnSequenceEnd@UAdultToyManager@@IEAAXXZ
0x14817a330	?OnSequencePaused@UAdultToyManager@@IEAAXXZ
0x14817a3e0	?ParseDeviceAdded@UAdultToyManager@@IEAAXAEBV?$TSharedPtr@VFJsonObject@@$00@@@Z
0x14817b980	?ParseDeviceList@UAdultToyManager@@QEAAXAEBV?$TSharedPtr@VFJsonObject@@$00@@@Z
0x14817bc10	?ParseDeviceRemoved@UAdultToyManager@@IEAAXAEBV?$TSharedPtr@VFJsonObject@@$00@@@Z
0x14817bef0	?ParseError@UAdultToyManager@@IEAAXAEBV?$TSharedPtr@VFJsonObject@@$00@@@Z
0x14817c290	?ParseHTTPToysResponse@UAdultToyManager@@IEAAXAEBVFString@@@Z
0x14817d1c0	?ParseHandyInfoFromJson@UAdultToyManager@@AEAA_NAEBVFString@@AEAUFHandyDeviceInfo@@@Z
0x14817d4f0	?ParseHandyStatusFromJson@UAdultToyManager@@AEAA_NAEBVFString@@AEAUFHandyStatus@@@Z
0x14817d680	?ParseOk@UAdultToyManager@@IEAAXAEBV?$TSharedPtr@VFJsonObject@@$00@@@Z
0x14817d700	?ParseServerInfo@UAdultToyManager@@IEAAXAEBV?$TSharedPtr@VFJsonObject@@$00@@@Z
0x14817dc40	?ProcessBeatCommand@UAdultToyManager@@QEAAXAEBUFToyBeatCommand@@@Z
0x14817dc70	?ProcessMobileEventsToys@UAdultToyManager@@IEAAXAEBV?$TArray@PEAVUELovenseEventsToy@@V?$TSizedDefaultAllocator@$0CA@@@@@@Z
0x14817de90	?ProcessPendingBeatCommands@UAdultToyManager@@AEAAXN@Z
0x14817dec0	?ReconnectToButtplug@UAdultToyManager@@IEAAXXZ
0x14817df00	?RefreshButtplugDevices@UAdultToyManager@@QEAAXXZ
0x14817e1f0	?RefreshHandyStatus@UAdultToyManager@@QEAAXXZ
0x14817e360	?RefreshLovenseDevices@UAdultToyManager@@QEAAXXZ
0x14817f100	?SendButtplugLinearCommand@UAdultToyManager@@IEAAXAEBUFButtplugDevice@@HNH@Z
0x14817f970	?SendButtplugMessage@UAdultToyManager@@IEAAXV?$TSharedPtr@VFJsonObject@@$00@@@Z
0x14817fd90	?SendButtplugPing@UAdultToyManager@@IEAAXXZ
0x1481800d0	?SendButtplugScalarCommand@UAdultToyManager@@IEAAXAEBUFButtplugDevice@@HNAEBVFString@@@Z
0x148180940	?SendButtplugStopAllDevices@UAdultToyManager@@IEAAXXZ
0x148180d00	?SendButtplugStopCommand@UAdultToyManager@@IEAAXH@Z
0x1481810b0	?SendHTTPCommand@UAdultToyManager@@IEAAXV?$TSharedPtr@VFJsonObject@@$00@@AEBVFString@@@Z
0x148181620	?SendHTTPPositionCommand@UAdultToyManager@@IEAAXAEBVFString@@H@Z
0x1481819e0	?SendHTTPSmartBeatCommand@UAdultToyManager@@IEAAXAEBUFHTTPToyInfo@@AEBUFBeatEvent@@@Z
0x148181be0	?SendHTTPStrokePositionCommand@UAdultToyManager@@IEAAXAEBVFString@@H@Z
0x148182410	?SendHTTPThrustCommand@UAdultToyManager@@IEAAXAEBVFString@@HM@Z
0x148182830	?SendHTTPUniversalBeatCommand@UAdultToyManager@@IEAAXAEBVFString@@AEBUFBeatEvent@@@Z
0x148183090	?SendHTTPVibrateCommand@UAdultToyManager@@IEAAXAEBVFString@@HM@Z
0x148183880	?SendHandyRequest@UAdultToyManager@@IEAAXAEBVFString@@00AEBV?$TDelegate@$$A6AXV?$TSharedPtr@VIHttpRequest@@$00@@V?$TSharedPtr@VIHttpResponse@@$00@@_N@ZUFDefaultDelegateUserPolicy@@@@@Z
0x148183cb0	?SendLovensePulseForBeat@UAdultToyManager@@IEAAXAEBUFBeatEvent@@@Z
0x148184430	?SendRequestDeviceList@UAdultToyManager@@QEAAXXZ
0x148184790	?SendRequestServerInfo@UAdultToyManager@@IEAAXXZ
0x148184ba0	?SendStartScanning@UAdultToyManager@@IEAAXXZ
0x148184f40	?SendStopScanning@UAdultToyManager@@IEAAXXZ
0x148185280	?SendTestVibration@UAdultToyManager@@QEAAXXZ
0x148185690	?SetBeatSpawnerReference@UAdultToyManager@@QEAAXPEAVUBeatSpawnerManager@@@Z
0x148185cd0	?SetButtplugStrokeRange@UAdultToyManager@@QEAAXHH@Z
0x148185db0	?SetButtplugVibratorIntensity@UAdultToyManager@@QEAAXM@Z
0x148185e80	?SetButtplugVibratorPulseDuration@UAdultToyManager@@QEAAXM@Z
0x148185f50	?SetHandyMode@UAdultToyManager@@QEAAXW4EHandyMode@@@Z
0x148186330	?SetHandyPosition@UAdultToyManager@@QEAAXHH@Z
0x148186340	?SetHandyPositionWithTime@UAdultToyManager@@QEAAXHH_N@Z
0x148186b70	?SetHandyPositionWithVelocity@UAdultToyManager@@QEAAXHH_N@Z
0x1481872b0	?SetHandySlideSettings@UAdultToyManager@@QEAAXHH@Z
0x148187720	?SetHandyVelocity@UAdultToyManager@@QEAAXH@Z
0x148187af0	?SetStrokeSlider@UAdultToyManager@@QEAAXM@Z
0x148187b80	?SetStrokeZone@UAdultToyManager@@QEAAXMM@Z
0x148187c80	?SetStrokeZoneBaseOnly@UAdultToyManager@@QEAAXXZ
0x148187ca0	?SetStrokeZoneFullRange@UAdultToyManager@@QEAAXXZ
0x148187cc0	?SetStrokeZoneHeadOnly@UAdultToyManager@@QEAAXXZ
0x148187ce0	?ShutdownLovenseSystem@UAdultToyManager@@IEAAXXZ
0x148187ff0	?ShutdownMobileEventsAPI@UAdultToyManager@@IEAAXXZ
0x148188050	?StartHandyHAMP@UAdultToyManager@@QEAAXH@Z
0x148188470	?StartLovenseContinuousVibration@UAdultToyManager@@IEAAXXZ
0x1481889d0	?StopHandyHAMP@UAdultToyManager@@QEAAXXZ
0x148188b60	?StopLovenseContinuousVibration@UAdultToyManager@@IEAAXXZ
0x148189080	?TestAllButtplugDevices@UAdultToyManager@@QEAAXXZ
0x148189c00	?TestHTTPConnection@UAdultToyManager@@IEAAXXZ
0x14818a150	?TestHandyConnection@UAdultToyManager@@QEAAXXZ
0x14818a350	?TestLovenseDevices@UAdultToyManager@@QEAAXXZ
0x14818a710	?TestLovenseHTTPConnection@UAdultToyManager@@QEAAXXZ
0x14818a9c0	?TestMobileConnection@UAdultToyManager@@QEAAXXZ
0x14818ace0	?Tick@UAdultToyManager@@MEAAXM@Z
0x14818b6c0	?UpdateButtplugDeviceLists@UAdultToyManager@@IEAAXXZ
0x14818bae0	?UpdateConnectionStatus@UAdultToyManager@@AEAAXW4EToyConnectionStatus@@@Z
0x14818bb20	?UpdateLovenseDeviceList@UAdultToyManager@@IEAAXXZ
0x14818cfa0	?ExtractChpackToFolder@UCHPackManager@@QEAA_NAEBVFString@@AEAV2@@Z
0x14818da30	?ExtractManifestFromChpack@UCHPackManager@@AEAA_NAEBVFString@@AEAV2@@Z
0x1481908f0	?FilterMediaIntoCategoriesAsync@UCHPackManager@@SAXPEAVUObject@@AEBV?$TArray@UFCHPackMediaEntry@@V?$TSizedDefaultAllocator@$0CA@@@@@AEBV?$TArray@VFString@@V?$TSizedDefaultAllocator@$0CA@@@@@_N33AEAV3@444444AEAMAEAH6UFLatentActionInfo@@H@Z
0x148190a80	?GetAllChpackPaths@UCHPackManager@@QEAA?AV?$TArray@VFString@@V?$TSizedDefaultAllocator@$0CA@@@@@XZ
0x148190c70	?GetAllPackInfos@UCHPackManager@@QEAA?AV?$TArray@UFCHPackInfo@@V?$TSizedDefaultAllocator@$0CA@@@@@XZ
0x148191a70	?GetExtractedPackNames@UCHPackManager@@QEAA?AV?$TArray@VFString@@V?$TSizedDefaultAllocator@$0CA@@@@@XZ
0x148191bc0	?GetManifestMedia@UCHPackManager@@QEAA?AV?$TArray@UFCHPackMediaEntry@@V?$TSizedDefaultAllocator@$0CA@@@@@AEBVFString@@@Z
0x1481921f0	?LoadManifestFromChpack@UCHPackManager@@QEAA_NAEBVFString@@AEAUFCHPackManifest@@@Z
0x148192290	?LoadManifestFromJson@UCHPackManager@@QEAA_NAEBVFString@@AEAUFCHPackManifest@@@Z
0x148192350	?MigrateLegacyManifests@UCHPackManager@@QEAAXXZ
0x1481924d0	?ParseManifestJson@UCHPackManager@@AEAA_NAEBVFString@@AEAUFCHPackManifest@@@Z
0x148193ac0	?UpdateManifestWithCounts@UCHPackManager@@QEAA_NAEBVFString@@@Z
0x1481953c0	?ValidateMediaEntries@UCHPackManager@@SA?AV?$TArray@UFCHPackMediaEntry@@V?$TSizedDefaultAllocator@$0CA@@@@@AEBV2@@Z
0x1481955b0	?CloseVideo@UFFmpegManager@@QEAAXXZ
0x148195660	?DecodeAndUploadFrames@UFFmpegManager@@QEAAXHM@Z
0x1481959f0	?InitializeFFmpeg@UFFmpegManager@@QEAAXXZ
0x148195a20	?OpenVideo@UFFmpegManager@@QEAA_NAEBVFString@@@Z
0x148195de0	?UploadFrameToTexture@UFFmpegManager@@AEAAXPEAUAVFrame@@@Z
0x1481971f0	?AddFiles@UFileImportManager@@QEAAXAEBV?$TArray@VFString@@V?$TSizedDefaultAllocator@$0CA@@@@@@Z
0x1481977d0	?BrowseForDirectory@UFileImportManager@@QEAA_NAEAVFString@@@Z
0x1481979a0	?BrowseForFiles@UFileImportManager@@QEAA_NAEAV?$TArray@VFString@@V?$TSizedDefaultAllocator@$0CA@@@@@@Z
0x148197d70	?ClearAllData@UFileImportManager@@QEAAXXZ
0x148197e20	?CreatePreset@UFileImportManager@@AEBA?AUFFileImportPreset@@AEBVFString@@@Z
0x148197f20	?DeletePresetFromSaveGame@UFileImportManager@@QEAA_NAEBVFString@@PEAVUSaveGame@@@Z
0x14819b010	?GetAllPresetNamesFromSaveGame@UFileImportManager@@QEBA?AV?$TArray@VFString@@V?$TSizedDefaultAllocator@$0CA@@@@@PEAVUSaveGame@@@Z
0x14819b3c0	?GetImageCount@UFileImportManager@@QEBAHXZ
0x14819b560	?GetImportedFiles@UFileImportManager@@QEBAAEBV?$TArray@UFImportedFile@@V?$TSizedDefaultAllocator@$0CA@@@@@XZ
0x14819b570	?GetImportedMediaEntries@UFileImportManager@@QEBA?AV?$TArray@UFCHPackMediaEntry@@V?$TSizedDefaultAllocator@$0CA@@@@@XZ
0x14819b970	?GetMediaCountText@UFileImportManager@@QEBA?AVFString@@XZ
0x14819bad0	?GetVideoCount@UFileImportManager@@QEBAHXZ
0x14819bc00	?LoadPresetFromSaveGame@UFileImportManager@@QEAA_NAEBVFString@@PEAVUSaveGame@@@Z
0x14819c890	?RemoveFile@UFileImportManager@@QEAAXAEBVFString@@@Z
0x14819c9f0	?SavePresetToSaveGame@UFileImportManager@@QEAA_NAEBVFString@@PEAVUSaveGame@@@Z
0x14819ce60	?ScanCurrentPaths@UFileImportManager@@QEAAXXZ
0x14819d2b0	?SetFileEnabled@UFileImportManager@@QEAAXAEBVFString@@_N@Z
0x14819d370	?VerifyFileExists@UFileImportManager@@QEBA_NAEBVFString@@@Z
0x14819d5a0	?CheckStatus@UHandyManager@@QEAAXXZ
0x14819deb0	?Init@UHandyManager@@QEAAXAEBVFString@@@Z
0x14819df60	?OnResponseReceived@UHandyManager@@AEAAXV?$TSharedPtr@VIHttpRequest@@$00@@V?$TSharedPtr@VIHttpResponse@@$00@@_N@Z
0x14819e800	?SendHDSPBeatCycle@UHandyManager@@QEAAXM@Z
0x14819f5f0	?SendPace@UHandyManager@@QEAAXM@Z
0x14819f9b0	?SendRequest@UHandyManager@@AEAAXAEBVFString@@00@Z
0x14819fc30	?SetConnectionKey@UHandyManager@@QEAAXAEBVFString@@@Z
0x1481a50e0	?ApplyAutoFit@UMediaPlaybackController@@QEAAXPEAVUTexture2D@@PEAVUImage@@@Z
0x1481a5900	?BeginDestroy@UMediaPlaybackController@@UEAAXXZ
0x1481a59a0	?CalculateCurrentBeatState@UMediaPlaybackController@@AEAAXNAEAHAEAM@Z
0x1481a5c60	?CalculateVideoTimeWithBeatSpeeds@UMediaPlaybackController@@AEAANN@Z
0x1481a60b0	?CanBufferAllFrames@UMediaPlaybackController@@QEBA_NHHH@Z
0x1481a63a0	?CloseVideo@UMediaPlaybackController@@AEAAXXZ
0x1481a63b0	?DebugAndFixPixelFormat@UMediaPlaybackController@@AEAAXPEAUAVFrame@@@Z
0x1481a67c0	?DebugCreationSource@UMediaPlaybackController@@AEAAXXZ
0x1481a6bf0	?DecodeAndDisplayFrameAt@UMediaPlaybackController@@AEAAXH@Z
0x1481a7260	?DecodeNextSequentialFrame@UMediaPlaybackController@@AEAAXXZ
0x1481a7d90	?DecodeNextSequentialFrameAsync@UMediaPlaybackController@@QEAAXXZ
0x1481a8220	?EnableBeatPatternSync@UMediaPlaybackController@@QEAAX_N@Z
0x1481a82b0	?FindVideoFile@UMediaPlaybackController@@QEAA?AVFString@@AEBV2@@Z
0x1481a87b0	?GetCurrentBeatInfo@UMediaPlaybackController@@AEAAXNAEAN00@Z
0x1481a8a10	?GetMasterTimelinePosition@UMediaPlaybackController@@QEBANXZ
0x1481a8a70	?GetStatId@UMediaPlaybackController@@UEBA?AUTStatId@@XZ
0x1481a8bb0	?IsTickable@UMediaPlaybackController@@UEBA_NXZ
0x1481a8d50	?LoadStaticImage@UMediaPlaybackController@@QEAA_NAEBVFString@@@Z
0x1481a8ed0	?OnBeatPatternAdvanced@UMediaPlaybackController@@QEAAXHMM@Z
0x1481a8f60	?OpenVideo@UMediaPlaybackController@@AEAA_NAEBVFString@@@Z
0x1481aad90	?PlayMediaEntry@UMediaPlaybackController@@QEAAXAEBVFString@@PEAVUImage@@M@Z
0x1481ab910	?PredecodeAllFrames@UMediaPlaybackController@@AEAAXXZ
0x1481acb60	?ProcessFrameBatch@UMediaPlaybackController@@AEAAXH@Z
0x1481adfc0	?ProcessPendingVideoRequest@UMediaPlaybackController@@AEAAXXZ
0x1481ae0d0	?ResetStreamingState@UMediaPlaybackController@@QEAAXXZ
0x1481ae180	?SetAsBackgroundInstance@UMediaPlaybackController@@QEAAX_N@Z
0x1481ae1d0	?SetBeatInterval@UMediaPlaybackController@@QEAAXM@Z
0x1481ae230	?SetBeatPattern@UMediaPlaybackController@@QEAAXAEBUFBeatPattern@@MM@Z
0x1481ae6e0	?SetCropMode@UMediaPlaybackController@@QEAAXW4ECropMode@@@Z
0x1481ae780	?SetScaleBoxReference@UMediaPlaybackController@@QEAAXPEAVUScaleBox@@@Z
0x1481ae7b0	?SetSyncStartTime@UMediaPlaybackController@@QEAAXNN@Z
0x1481ae820	?SetupColorspaceConversion@UMediaPlaybackController@@QEAAXXZ
0x1481aea10	?StopPlayback@UMediaPlaybackController@@QEAAX_N@Z
0x1481aec00	?SyncToBeat@UMediaPlaybackController@@QEAAXNNN@Z
0x1481aec60	?Tick@UMediaPlaybackController@@UEAAXM@Z
0x1481aec70	?TickPlaybackFrame@UMediaPlaybackController@@AEAAXXZ
0x1481af4c0	?UpdateBeatInterval@UMediaPlaybackController@@QEAAXM@Z
0x1481af4e0	?UpdateSpeedItemMultiplier@UMediaPlaybackController@@QEAAXM@Z
0x1481af5a0	?UpdateTextureWithFrame@UMediaPlaybackController@@QEAAXH@Z
0x1481afa50	?GetMasterTimelinePosition@UPreciseBeatWidget@@QEBANXZ
0x1481afaa0	?IsWorldSafeForOperations@UPreciseBeatWidget@@IEBA_NXZ
0x1481afae0	?NativeTick@UPreciseBeatWidget@@MEAAXAEBUFGeometry@@M@Z
0x1481affa0	?ReturnToPool@UPreciseBeatWidget@@QEAAXXZ
0x1481b0060	?StartBeatMovement@UPreciseBeatWidget@@QEAAXAEBUFBeatEvent@@U?$TVector2@N@Math@UE@@1N@Z
0x1481b0110	?StartBeatMovementWithSync@UPreciseBeatWidget@@QEAAXAEBUFBeatEvent@@U?$TVector2@N@Math@UE@@1NNN@Z
0x1481b4070	?AddModifier@UProgressionManager@@QEAAXAEBVFString@@@Z
0x1481b41f0	?AddUnlockPoints@UProgressionManager@@QEAAXH@Z
0x1481b4200	?AddXP@UProgressionManager@@QEAAXHAEBVFString@@@Z
0x1481b4920	?AreAllRequirementsMet@UProgressionManager@@IEAA_NAEBUFChallengeProgress@@@Z
0x1481b49f0	?CalculateSessionXP@UProgressionManager@@QEAAHAEBUFSessionStats@@@Z
0x1481b4bb0	?CanClaimReward@UProgressionManager@@QEBA_NVFName@@@Z
0x1481b4d00	?CanEnableModifier@UProgressionManager@@QEBA_NAEBVFString@@AEBV?$TArray@VFString@@V?$TSizedDefaultAllocator@$0CA@@@@@@Z
0x1481b4d80	?CheckChallengeConditions@UProgressionManager@@IEAA_NAEBUFChallengeData@@AEBV?$TArray@VFString@@V?$TSizedDefaultAllocator@$0CA@@@@@@Z
0x1481b4f10	?CheckLevelUp@UProgressionManager@@IEAAXXZ
0x1481b5300	?CheckMetaChallengeCompletion@UProgressionManager@@AEAAXXZ
0x1481b55c0	?ClaimChallengeReward@UProgressionManager@@QEAA_NVFName@@@Z
0x1481b5720	?ClaimChallengeRewards@UProgressionManager@@QEAA?AV?$TArray@UFCHRewardData@@V?$TSizedDefaultAllocator@$0CA@@@@@VFName@@@Z
0x1481b5d20	?ClearModifiers@UProgressionManager@@QEAAXXZ
0x1481b5dc0	?CompleteChallenge@UProgressionManager@@IEAAXVFName@@@Z
0x1481b6050	?DebugCompleteAllChallenges@UProgressionManager@@QEAAXXZ
0x1481b6a00	?DebugModifierSystem@UProgressionManager@@QEAAXXZ
0x1481b6d20	?EndSession@UProgressionManager@@QEAAXAEBUFSessionStats@@@Z
0x1481b7530	?EquipPlayerCard@UProgressionManager@@QEAA_NVFName@@@Z
0x1481b7770	?FindCanonicalModifierName@UProgressionManager@@AEBA?AVFString@@AEBV2@@Z
0x1481b7b70	?FormatLargeNumber@UProgressionManager@@IEBA?AVFString@@H@Z
0x1481b7e00	?FormatPlayTime@UProgressionManager@@IEBA?AVFString@@H@Z
0x1481b7f30	?FormatSecondsToTime@UProgressionManager@@SA?AVFString@@H@Z
0x1481b7fe0	?GetActiveChallenges@UProgressionManager@@QEBA?AV?$TArray@UFChallengeProgress@@V?$TSizedDefaultAllocator@$0CA@@@@@XZ
0x1481b87f0	?GetAllChallengeData@UProgressionManager@@QEBA?AV?$TArray@UFChallengeData@@V?$TSizedDefaultAllocator@$0CA@@@@@XZ
0x1481b89a0	?GetAllChallengesWithProgress@UProgressionManager@@QEBA?AV?$TArray@UFChallengeProgress@@V?$TSizedDefaultAllocator@$0CA@@@@@XZ
0x1481b9250	?GetAllConflictsForModifier@UProgressionManager@@QEBA?AV?$TArray@VFString@@V?$TSizedDefaultAllocator@$0CA@@@@@AEBVFString@@@Z
0x1481b9320	?GetAllModifierData@UProgressionManager@@QEBA?AV?$TArray@UFModifierData@@V?$TSizedDefaultAllocator@$0CA@@@@@XZ
0x1481b9530	?GetAllModifierIDs@UProgressionManager@@QEBA?AV?$TArray@VFName@@V?$TSizedDefaultAllocator@$0CA@@@@@XZ
0x1481b9720	?GetAllPlayerCardData@UProgressionManager@@QEBA?AV?$TArray@UFPlayerCardData@@V?$TSizedDefaultAllocator@$0CA@@@@@XZ
0x1481b9930	?GetAverageDurationSeconds@UProgressionManager@@QEBAMXZ
0x1481b9960	?GetAverageDurationText@UProgressionManager@@QEBA?AVFString@@XZ
0x1481b9a40	?GetAverageEdgesText@UProgressionManager@@QEBA?AVFString@@XZ
0x1481b9ac0	?GetAverageEdgesValue@UProgressionManager@@QEBAMXZ
0x1481b9af0	?GetAverageStrokesPerEdgeText@UProgressionManager@@QEBA?AVFString@@XZ
0x1481b9b70	?GetAverageStrokesPerEdgeValue@UProgressionManager@@QEBAMXZ
0x1481b9ba0	?GetAverageStrokesPerMinuteText@UProgressionManager@@QEBA?AVFString@@XZ
0x1481b9c20	?GetAverageStrokesPerMinuteValue@UProgressionManager@@QEBAMXZ
0x1481b9c60	?GetAverageStrokesText@UProgressionManager@@QEBA?AVFString@@XZ
0x1481b9ce0	?GetAverageStrokesValue@UProgressionManager@@QEBAMXZ
0x1481b9d10	?GetAveragesText@UProgressionManager@@QEBA?AVFString@@XZ
0x1481ba600	?GetChallengeData@UProgressionManager@@QEBA?AUFChallengeData@@VFName@@@Z
0x1481ba710	?GetChallengeDataForModifier@UProgressionManager@@QEBA?AUFChallengeData@@VFName@@@Z
0x1481ba790	?GetChallengeDataPtr@UProgressionManager@@AEBAPEAUFChallengeData@@VFName@@@Z
0x1481ba860	?GetChallengeForModifier@UProgressionManager@@QEBA?AVFName@@V2@@Z
0x1481baa70	?GetChallengeProgress@UProgressionManager@@QEBA?AUFChallengeProgress@@VFName@@@Z
0x1481baf10	?GetChallengeProgressText@UProgressionManager@@QEBA?AVFString@@VFName@@@Z
0x1481bb860	?GetChallengesForPack@UProgressionManager@@QEBA?AV?$TArray@VFName@@V?$TSizedDefaultAllocator@$0CA@@@@@AEBVFString@@@Z
0x1481bbaf0	?GetComboText@UProgressionManager@@QEBA?AVFString@@AEBUFSessionStats@@@Z
0x1481bbb20	?GetCompleteStatsReport@UProgressionManager@@QEBA?AVFString@@XZ
0x1481bbc40	?GetConflictingModifiers@UProgressionManager@@QEBA?AV?$TArray@VFString@@V?$TSizedDefaultAllocator@$0CA@@@@@AEBVFString@@AEBV2@@Z
0x1481bbed0	?GetCurrentLevelIcon@UProgressionManager@@QEBAPEAVUTexture2D@@XZ
0x1481bbee0	?GetCurrentPlayerTitle@UProgressionManager@@QEBA?AVFName@@XZ
0x1481bbf10	?GetCurrentSessionDuration@UProgressionManager@@QEBAHXZ
0x1481bbf70	?GetCurrentSessionStatsText@UProgressionManager@@QEBA?AVFString@@XZ
0x1481bcd10	?GetDebugStatsString@UProgressionManager@@QEBA?AVFString@@XZ
0x1481bfc20	?GetDetailedStatsText@UProgressionManager@@QEBA?AVFString@@AEBUFSessionStats@@@Z
0x1481bfed0	?GetDurationText@UProgressionManager@@QEBA?AVFString@@AEBUFSessionStats@@@Z
0x1481bff20	?GetEdgesText@UProgressionManager@@QEBA?AVFString@@AEBUFSessionStats@@@Z
0x1481bff50	?GetGlobalLifetimeBest@UProgressionManager@@QEBAHW4EMetricType@@@Z
0x1481bfff0	?GetHighscoresText@UProgressionManager@@QEBA?AVFString@@XZ
0x1481c0470	?GetIconForLevel@UProgressionManager@@QEBAPEAVUTexture2D@@H@Z
0x1481c0530	?GetLevelProgressPercent@UProgressionManager@@QEBAMXZ
0x1481c0580	?GetLifetimeBestForChallenge@UProgressionManager@@QEBAHVFName@@H@Z
0x1481c0730	?GetLifetimeStatsText@UProgressionManager@@QEBA?AVFString@@XZ
0x1481c0c40	?GetLockedModifiers@UProgressionManager@@QEBA?AV?$TArray@VFName@@V?$TSizedDefaultAllocator@$0CA@@@@@XZ
0x1481c0e80	?GetMetricDisplayName@UProgressionManager@@QEBA?AVFText@@W4EMetricType@@@Z
0x1481c1380	?GetModifierData@UProgressionManager@@QEBA?AUFModifierData@@VFName@@@Z
0x1481c1a40	?GetNextLevelIcon@UProgressionManager@@QEBAPEAVUTexture2D@@XZ
0x1481c1a60	?GetPlayerCardData@UProgressionManager@@QEBA?AUFPlayerCardData@@VFName@@@Z
0x1481c1c70	?GetRequirementDisplayText@UProgressionManager@@QEBA?AVFText@@VFName@@H@Z
0x1481c23f0	?GetRequirementProgressPercent@UProgressionManager@@QEBAMVFName@@H@Z
0x1481c26e0	?GetRewardsText@UProgressionManager@@QEBA?AVFString@@AEBUFSessionRewardData@@@Z
0x1481c2b60	?GetStatValueText@UProgressionManager@@QEBA?AVFString@@W4EMetricType@@_N@Z
0x1481c2fd0	?GetStrokesText@UProgressionManager@@QEBA?AVFString@@AEBUFSessionStats@@@Z
0x1481c3000	?GetTitleForLevel@UProgressionManager@@QEBA?AVFName@@H@Z
0x1481c3170	?GetTotalChallengeCount@UProgressionManager@@QEBAHXZ
0x1481c3230	?GetWinRateText@UProgressionManager@@QEBA?AVFString@@XZ
0x1481c32a0	?GetWorld@UProgressionManager@@EEBAPEAVUWorld@@XZ
0x1481c32e0	?GetXPForNextLevel@UProgressionManager@@QEBAHXZ
0x1481c3480	?GetXPProgressInCurrentLevel@UProgressionManager@@QEBAHXZ
0x1481c3490	?GetXPRequirementForLevel@UProgressionManager@@QEBAHH@Z
0x1481c3670	?GrantModifierReward@UProgressionManager@@IEAAXAEBVFName@@@Z
0x1481c3770	?GrantPlayerCardReward@UProgressionManager@@IEAAXAEBVFName@@@Z
0x1481c3870	?GrantRewards@UProgressionManager@@IEAAXAEBV?$TArray@UFCHRewardData@@V?$TSizedDefaultAllocator@$0CA@@@@@@Z
0x1481c3cd0	?GrantUnlockPackReward@UProgressionManager@@IEAAXAEBVFName@@@Z
0x1481c3ef0	?GrantUnlockPointsReward@UProgressionManager@@IEAAXH@Z
0x1481c3f50	?GrantXPReward@UProgressionManager@@IEAAXH@Z
0x1481c4080	?InitializeChallenges@UProgressionManager@@QEAAXXZ
0x1481c4c00	?InitializeModifierConflicts@UProgressionManager@@AEAAXXZ
0x1481c5fb0	?InitializeProgression@UProgressionManager@@QEAAXXZ
0x1481c6040	?IsChallengeComplete@UProgressionManager@@QEBA_NVFName@@@Z
0x1481c60e0	?IsChallengeTracked@UProgressionManager@@QEBA_NVFName@@@Z
0x1481c6120	?IsModifierUnlocked@UProgressionManager@@QEBA_NVFName@@@Z
0x1481c61c0	?IsPackChallengeReward@UProgressionManager@@QEBA_NAEBVFString@@@Z
0x1481c6390	?IsPlayerCardUnlocked@UProgressionManager@@QEBA_NVFName@@@Z
0x1481c6430	?LoadProgress@UProgressionManager@@QEAAXXZ
0x1481c6a00	?PrepareSessionRewards@UProgressionManager@@QEAA?AUFSessionRewardData@@AEBUFSessionStats@@@Z
0x1481c8fd0	?RecordSessionMetric@UProgressionManager@@QEAAXW4EMetricType@@H@Z
0x1481ca060	?RemoveModifier@UProgressionManager@@QEAAXAEBVFString@@@Z
0x1481ca280	?ResetProgress@UProgressionManager@@QEAAXXZ
0x1481cad00	?SaveProgress@UProgressionManager@@QEAAXXZ
0x1481cae90	?SetChallengeDataTable@UProgressionManager@@QEAAXPEAVUDataTable@@@Z
0x1481caf20	?SetConsecutiveSuccubi@UProgressionManager@@QEAAXH@Z
0x1481cb520	?SetEdgeStreak@UProgressionManager@@QEAAXH@Z
0x1481cbb90	?SetLevelDataTable@UProgressionManager@@QEAAXPEAVUDataTable@@@Z
0x1481cbc20	?SetModifierDataTable@UProgressionManager@@QEAAXPEAVUDataTable@@@Z
0x1481cbcc0	?SetPlayerCardDataTable@UProgressionManager@@QEAAXPEAVUDataTable@@@Z
0x1481cbd60	?SetSessionMetric@UProgressionManager@@QEAAXW4EMetricType@@H@Z
0x1481cc020	?SetStrokeCombo@UProgressionManager@@QEAAXH@Z
0x1481cc0f0	?SpendUnlockPoints@UProgressionManager@@QEAA_NH@Z
0x1481cc110	?StartNewSession@UProgressionManager@@QEAAXXZ
0x1481cc7b0	?TrackChallenge@UProgressionManager@@QEAA_NVFName@@@Z
0x1481cd440	?UnlockModifier@UProgressionManager@@QEAA_NVFName@@@Z
0x1481cd680	?UnlockPlayerCard@UProgressionManager@@QEAA_NVFName@@@Z
0x1481cd920	?UntrackChallenge@UProgressionManager@@QEAAXVFName@@@Z
0x1481cd9b0	?UpdateChallengeProgress@UProgressionManager@@IEAAXVFName@@W4EMetricType@@H@Z
0x1481ce070	?UpdateLifetimeBest@UProgressionManager@@QEAAXW4EMetricType@@H@Z
0x1481ce220	?UpdateMetric@UProgressionManager@@QEAAXW4EMetricType@@H@Z
0x1481ce250	?UpdateMetricWithConditions@UProgressionManager@@QEAAXW4EMetricType@@HAEBV?$TArray@VFString@@V?$TSizedDefaultAllocator@$0CA@@@@@@Z
0x1481cf420	??1FOnBeatSpeedChanged@UBeatSpawnerManager@@QEAA@XZ
0x1481cf860	?ApplySpeedModifier@UBeatSpawnerManager@@QEAAXM@Z
0x1481cf9a0	?ApplyStrokeCountModifier@UBeatSpawnerManager@@QEAAXH@Z
0x1481d02a0	?BuildBeatQueue@UBeatSpawnerManager@@AEAAXAEBUFBeatPattern@@NHMN@Z
0x1481d0c10	?ChangePattern@UBeatSpawnerManager@@QEAAXAEBUFBeatPattern@@@Z
0x1481d0c70	?CreateTestBeatWidget@UBeatSpawnerManager@@AEAAXAEBUFBeatEvent@@@Z
0x1481d0fa0	?DebugBeatCounts@UBeatSpawnerManager@@QEBAXXZ
0x1481d1210	?GetBeatsRemaining@UBeatSpawnerManager@@QEBAHXZ
0x1481d1230	?GetCurrentInterval@UBeatSpawnerManager@@QEBAMXZ
0x1481d12e0	?GetMasterTimelinePosition@UBeatSpawnerManager@@QEBANXZ
0x1481d1350	?GetStatId@UBeatSpawnerManager@@UEBA?AUTStatId@@XZ
0x1481d1490	?GetWorld@UBeatSpawnerManager@@UEBAPEAVUWorld@@XZ
0x1481d1570	?IsSequenceRunning@UBeatSpawnerManager@@QEBA_NXZ
0x1481d1580	?IsTickable@UBeatSpawnerManager@@UEBA_NXZ
0x1481d15e0	?OnBeatReachedCenter@UBeatSpawnerManager@@QEAAXAEBUFBeatEvent@@@Z
0x1481d1c10	?PauseSequence@UBeatSpawnerManager@@QEAAXXZ
0x1481d1c90	?RebuildQueueFromCurrentState@UBeatSpawnerManager@@AEAAXAEBUFBeatPattern@@MH@Z
0x1481d2310	?ResumeSequence@UBeatSpawnerManager@@QEAAXXZ
0x1481d2370	?SetMinimumBeatInterval@UBeatSpawnerManager@@QEAAXN@Z
0x1481d23d0	?SetWorld@UBeatSpawnerManager@@QEAAXPEAVUWorld@@@Z
0x1481d2400	?StartPattern@UBeatSpawnerManager@@QEAAXAEBUFBeatPattern@@NHMMN@Z
0x1481d25e0	?StartPatternWithMediaSync@UBeatSpawnerManager@@QEAAXAEBUFBeatPattern@@NHPEAVUMediaPlaybackController@@MMN@Z
0x1481d2bf0	?StopSequence@UBeatSpawnerManager@@QEAAXXZ
0x1481d2dc0	?Tick@UBeatSpawnerManager@@UEAAXM@Z
0x1481d3580	?AddUnlockPoints@UCHPackStoreController@@QEAAXH@Z
0x1481d3980	?ApplyIronManPenalty@UCHPackStoreController@@QEAAXXZ
0x1481d47d0	?CheckAndMigratePacks@UCHPackStoreController@@QEAAXXZ
0x1481d4820	?GetAllEnabledMedia@UCHPackStoreController@@QEAA?AV?$TArray@UFCHPackMediaEntry@@V?$TSizedDefaultAllocator@$0CA@@@@@XZ
0x1481d4be0	?GetAllPackInfos@UCHPackStoreController@@QEAA?AV?$TArray@UFCHPackInfo@@V?$TSizedDefaultAllocator@$0CA@@@@@XZ
0x1481d4e80	?GetPackManifest@UCHPackStoreController@@QEBA_NAEBVFString@@AEAUFCHPackManifest@@@Z
0x1481d4fe0	?GetUnlockPoints@UCHPackStoreController@@QEBAHXZ
0x1481d51b0	?GetVisiblePackInfos@UCHPackStoreController@@QEAA?AV?$TArray@UFCHPackInfo@@V?$TSizedDefaultAllocator@$0CA@@@@@XZ
0x1481d5200	?Init@UCHPackStoreController@@QEAAXXZ
0x1481d5280	?IsPackEnabled@UCHPackStoreController@@QEBA_NAEBVFString@@@Z
0x1481d5740	?IsPackLocked@UCHPackStoreController@@QEBA_NAEBVFString@@@Z
0x1481d57b0	?IsPackUnlocked@UCHPackStoreController@@QEBA_NAEBVFString@@@Z
0x1481d5c70	?LoadOrCreateSave@UCHPackStoreController@@AEAAXXZ
0x1481d5f00	?ReloadSave@UCHPackStoreController@@QEAAXXZ
0x1481d5fb0	?Save@UCHPackStoreController@@QEAAXXZ
0x1481d6130	?SetPackEnabled@UCHPackStoreController@@QEAAXAEBVFString@@_N@Z
0x1481d6810	?UnlockPack@UCHPackStoreController@@QEAA_NAEBVFString@@@Z
0x1481d75c0	?UnlockPackFromChallenge@UCHPackStoreController@@QEAA_NAEBVFString@@@Z